{
    "indy_robot": {
        "urdf_location": "./models/indy7_collision_coarse/indy7.urdf",
        "lower_limit":[-3.05432619099,-3.05432619099,-3.05432619099,-3.05432619099,-3.05432619099,-3.75245789179],
		"upper_limit":[3.05432619099,3.05432619099,3.05432619099,3.05432619099,3.05432619099,3.75245789179],
		"joint_names":["joint0","joint1","joint2","joint3","joint4","joint5"],
        "base_link_name":"base_link",
        "tcp_link_name":"tcp",
        "base_position":[1.5,1.5,0],
        "base_orientation":[0,0,0],
        //"joint_init":[0,-0.2618,-1.5708,0,-1.309,0],
        "joint_init":[-0.21868971,-0.46094136,-1.019970203,0,-1.622457735,-0.195476836],
		"JOINTNUM":6,
        "target":[0,1,0,0,0.5,0,0.3]

    },
    "robot_collision": {
        "urdf_location": "./models/indy7_collision_coarse/indy7.urdf",
        "lower_limit":[1.0,0.0,0.0,0.0,0.0,0.0,0.0,0.0,0.0],
		"upeer_limit":[1.0,0.0,0.0,0.0,0.0,0.0,0.0,0.0,0.0],
		"joint_names":["joint0","joint1","joint2","joint3","joint4","joint5"],
        "base_link_name":"link0",
        "tcp_link_name":"tcp",
        "base_position":[1,1,0],
        "base_orientation":[0,0,0],
        "JOINTNUM":6
    },
    "camera":{
        //"topic_name":"/camera/depth/color/points",
        "topic_name":"/cam_0_zf",
   // 	"BaseToCamera":[[-0.65328 ,-0.38268 ,-0.65328, 1.50000],
 //[0.27060 ,-0.92388 ,0.27060, -0.50000],
 //[-0.70711 ,0.00000, 0.70711 ,1.20000],
 //[0.00000 ,0.00000, 0.00000 ,1.00000]],
        "BaseToCamera": [[-0.31102304  ,0.55798613 ,-0.76936087  ,1.09252743],
 [ 0.94685706 , 0.25177835, -0.20017334 , 0.417553 ],
 [ 0.08201447 ,-0.79073329 ,-0.60664197 , 0.908203],
 [ 0          ,0          ,0          ,1        ]],
        "voxel_size":0.01,
        "collision_threshold":150,
        "interpolate_num":30,
        "cam_roll":0.0,
        "cam_pitch":-0.3,
        "cam_yaw":0.0
        

    },
        "panda_robot": {
        "urdf_location": "./models/panda_coarse/panda_7link.urdf",
        "lower_limit":[-2.8973,-1.7628,-2.8973,-3.0718,-2.8973,-0.0175,-2.8973],
        "upper_limit":[2.8973,1.7628,2.8973,-0.0698,2.8973,3.7525,2.8973],
        "joint_names":["panda_joint1","panda_joint2","panda_joint3","panda_joint4","panda_joint5","panda_joint6","panda_joint7"],
        "base_link_name":"panda_link0",
        "tcp_link_name":"panda_link8",
        "base_position":[1,1,0],
        "base_orientation":[0,0,0],
        "joint_init":[0,-0.78508577,0,-2.3555949,0,1.57091693296,1.5709169296],
        "JOINTNUM":7,
        "target":[0,3.141592,0,1,0.5,0,0.5]

    }
}
